{"cameraMode":{"drawMode":0,"name":"Shaded","section":"Shading Mode"},"sceneLighting":true,"audioPlay":false,"sceneViewState":{"showFog":true,"showMaterialUpdate":false,"showSkybox":true,"showFlares":true,"showImageEffects":true,"showParticleSystems":true},"in2DMode":false,"pivot":{"x":-0.14042969048023225,"y":2.473233461380005,"z":-1.9264434576034547},"rotation":{"x":0.002690364373847842,"y":-0.996929407119751,"z":0.06739512830972672,"w":0.03979659080505371},"size":3.0888137817382814,"orthographic":true}